{"0.1": [0.52508236404676, 0.4560155166163911, 0.48487401221019666], "0.2": [0.5713503364288409, 0.583733850441152, 0.6305173265597063], "0.30000000000000004": [0.5794189884510533, 0.6279473362425682, 0.6901212374275393], "0.4": [0.5799524166160605, 0.648820070392807, 0.7193741890557688], "0.5": [0.5799524166160605, 0.6578167741188484, 0.7309346621977585], "0.6": [0.5799524166160605, 0.6624079641329805, 0.738502705461616], "0.7000000000000001": [0.5799524166160605, 0.6641985135749452, 0.7426493033861573], "0.8": [0.5799524166160605, 0.6656921146621417, 0.7441574450822925], "0.9": [0.5799524166160605, 0.6658230824648228, 0.7446720827798977]}