{"0.1": [0.7044433606657416, 0.6710834398917475, 0.5954782156153496, 0.5403065328232818, 0.4963152149685533, 0.47684148418707933, 0.45668585475193224, 0.4556451535481743], "0.3": [0.7305161781839417, 0.7502255364198281, 0.7317994565893146, 0.7123417328142473, 0.6951211001134009, 0.6959436280420773, 0.6947282071355247, 0.6971351925464296], "0.5": [0.7313683291382995, 0.7553349370925969, 0.7467243946135337, 0.7379234349868863, 0.7326054478949555, 0.7388709041025912, 0.7407484196098444, 0.7430956962501925], "0.7": [0.7323114033721154, 0.7563394217972598, 0.7479153609764385, 0.741596733789447, 0.7401599587345212, 0.7479707720103427, 0.7501971607819985, 0.7530783456609587], "0.9": [0.7322757483140723, 0.7566392429151718, 0.7482386782355301, 0.7422703665460468, 0.7411244446655183, 0.7491774919040773, 0.751037842323288, 0.7547981743607799]}